word_count,char_count,char_count_no_spaces,sentence_count,avg_word_length,avg_sentence_length,unique_word_count,lexical_diversity,digit_count,digit_ratio,uppercase_count,uppercase_ratio,punctuation_count,punctuation_ratio,syllable_count,flesch_kincaid_score,is_short_text,is_long_text
68,472,405,1,5.955882352941177,68.0,57,0.8382352941176471,0,0.0,0,0.0,0,0.0,162,-24.744411764705887,0,0
500,3584,3085,1,6.17,500.0,342,0.684,0,0.0,0,0.0,0,0.0,1328,-602.7906,0,1
274,1832,1559,1,5.689781021897811,274.0,198,0.7226277372262774,0,0.0,0,0.0,0,0.0,652,-292.3766788321168,0,1
85,559,475,1,5.588235294117647,85.0,77,0.9058823529411765,0,0.0,0,0.0,0,0.0,201,-45.78382352941176,0,0
84,566,483,1,5.75,84.0,75,0.8928571428571429,0,0.0,0,0.0,0,0.0,201,-46.17571428571428,0,0
261,1843,1583,1,6.065134099616858,261.0,198,0.7586206896551724,0,0.0,0,0.0,0,0.0,608,-272.4680651340996,0,1
101,653,553,1,5.475247524752476,101.0,80,0.7920792079207921,0,0.0,0,0.0,0,0.0,236,-64.89668316831683,0,1
277,1824,1548,1,5.588447653429603,277.0,201,0.7256317689530686,0,0.0,0,0.0,0,0.0,646,-293.4260108303249,0,1
613,4016,3404,1,5.553017944535074,613.0,401,0.6541598694942904,0,0.0,0,0.0,0,0.0,1411,-728.4028466557911,0,1
1082,7261,6180,1,5.711645101663586,1082.0,671,0.6201478743068392,0,0.0,0,0.0,0,0.0,2610,-1344.7381977818854,0,1
280,1948,1669,1,5.960714285714285,280.0,208,0.7428571428571429,0,0.0,0,0.0,0,0.0,713,-310.2053571428571,0,1
61,390,330,1,5.409836065573771,61.0,55,0.9016393442622951,0,0.0,0,0.0,0,0.0,134,-4.48795081967215,0,0
64,389,326,1,5.09375,64.0,49,0.765625,0,0.0,0,0.0,0,0.0,132,-0.32124999999999204,0,0
964,6620,5657,1,5.868257261410788,964.0,573,0.5943983402489627,0,0.0,0,0.0,0,0.0,2414,-1196.864377593361,0,1
1472,9579,8108,1,5.508152173913044,1472.0,870,0.5910326086956522,0,0.0,0,0.0,0,0.0,3433,-1846.930285326087,0,1
1113,7394,6282,1,5.644204851752021,1113.0,610,0.5480682839173405,0,0.0,0,0.0,0,0.0,2603,-1380.6223225516621,0,1
186,1399,1214,1,6.526881720430108,186.0,161,0.8655913978494624,0,0.0,0,0.0,0,0.0,508,-199.10908602150536,0,1
252,1763,1512,1,6.0,252.0,200,0.7936507936507936,0,0.0,0,0.0,0,0.0,636,-272.4459523809524,0,1
877,5856,4980,1,5.678449258836944,877.0,522,0.5952109464082098,0,0.0,0,0.0,0,0.0,2110,-1077.8613511972635,0,1
304,2149,1846,1,6.072368421052632,304.0,248,0.8157894736842105,0,0.0,0,0.0,0,0.0,720,-330.70710526315787,0,1
41,293,253,1,6.170731707317073,41.0,38,0.926829268292683,0,0.0,0,0.0,0,0.0,112,-10.640609756097575,0,0
74,500,427,1,5.77027027027027,74.0,67,0.9054054054054054,0,0.0,0,0.0,0,0.0,182,-37.17851351351352,0,0
378,2657,2280,1,6.031746031746032,378.0,282,0.746031746031746,0,0.0,0,0.0,0,0.0,943,-434.49701058201066,0,1
260,1846,1587,1,6.1038461538461535,260.0,188,0.7230769230769231,0,0.0,0,0.0,0,0.0,673,-286.73153846153843,0,1
714,5079,4366,1,6.11484593837535,714.0,545,0.7633053221288515,0,0.0,0,0.0,0,0.0,1770,-870.3523949579833,0,1
507,3591,3085,1,6.0848126232741615,507.0,353,0.6962524654832347,0,0.0,0,0.0,0,0.0,1308,-607.3158875739645,0,1
337,2654,2318,1,6.878338278931751,337.0,272,0.8071216617210683,0,0.0,0,0.0,0,0.0,994,-408.53324925816025,0,1
377,2817,2441,1,6.474801061007957,377.0,243,0.6445623342175066,0,0.0,0,0.0,0,0.0,1002,-443.00027851458884,0,1
64,391,328,1,5.125,64.0,54,0.84375,0,0.0,0,0.0,0,0.0,141,-8.7728125,0,0
758,5497,4740,1,6.253298153034301,758.0,538,0.7097625329815304,0,0.0,0,0.0,0,0.0,1962,-934.1272691292876,0,1
945,6787,5843,1,6.183068783068783,945.0,598,0.6328042328042328,0,0.0,0,0.0,0,0.0,2455,-1177.797804232804,0,1
159,1148,990,1,6.226415094339623,159.0,123,0.7735849056603774,0,0.0,0,0.0,0,0.0,423,-159.75367924528302,0,1
2316,14347,12032,1,5.195164075993092,2316.0,1136,0.4905008635578584,0,0.0,0,0.0,0,0.0,5094,-2936.1538601036273,0,1
558,3745,3188,1,5.71326164874552,558.0,408,0.7311827956989247,0,0.0,0,0.0,0,0.0,1361,-665.1529928315412,0,1
237,1598,1362,1,5.746835443037975,237.0,187,0.7890295358649789,0,0.0,0,0.0,0,0.0,559,-243.0198523206751,0,1
286,1879,1594,1,5.573426573426573,286.0,201,0.7027972027972028,0,0.0,0,0.0,0,0.0,673,-306.38912587412585,0,1
286,2119,1834,1,6.4125874125874125,286.0,220,0.7692307692307693,0,0.0,0,0.0,0,0.0,768,-326.3524125874126,0,1
550,3854,3305,1,6.009090909090909,550.0,380,0.6909090909090909,0,0.0,0,0.0,0,0.0,1377,-658.6335454545454,0,1
268,1730,1463,1,5.458955223880597,268.0,194,0.7238805970149254,0,0.0,0,0.0,0,0.0,625,-281.7235820895523,0,1
900,5808,4909,1,5.454444444444444,900.0,528,0.5866666666666667,0,0.0,0,0.0,0,0.0,2053,-1100.2597777777778,0,1
186,1302,1117,1,6.005376344086022,186.0,149,0.8010752688172043,0,0.0,0,0.0,0,0.0,457,-182.63005376344086,0,1
309,2108,1800,1,5.825242718446602,309.0,232,0.7508090614886731,0,0.0,0,0.0,0,0.0,782,-346.9627346278317,0,1
947,6724,5778,1,6.101372756071806,947.0,574,0.6061246040126715,0,0.0,0,0.0,0,0.0,2429,-1178.4180095036959,0,1
351,2475,2125,1,6.054131054131054,351.0,263,0.7492877492877493,0,0.0,0,0.0,0,0.0,900,-403.5675641025641,0,1
443,3014,2572,1,5.805869074492099,443.0,315,0.7110609480812641,0,0.0,0,0.0,0,0.0,1083,-515.9911851015801,0,1
312,1957,1646,1,5.2756410256410255,312.0,204,0.6538461538461539,0,0.0,0,0.0,0,0.0,685,-330.71532051282054,0,1
2191,13885,11695,1,5.337745321770881,2191.0,1157,0.5280693747147421,0,0.0,0,0.0,0,0.0,4944,-2777.0808831583754,0,1
171,1179,1009,1,5.900584795321637,171.0,136,0.7953216374269005,0,0.0,0,0.0,0,0.0,420,-163.07903508771932,0,1
365,2296,1932,1,5.293150684931507,365.0,255,0.6986301369863014,0,0.0,0,0.0,0,0.0,826,-403.6721232876712,0,1
192,1381,1190,1,6.197916666666667,192.0,161,0.8385416666666666,0,0.0,0,0.0,0,0.0,502,-199.90145833333335,0,1
2089,13441,11353,1,5.4346577309717565,2089.0,1156,0.5533748204882719,0,0.0,0,0.0,0,0.0,4772,-2646.154229296314,0,1
507,3298,2792,1,5.506903353057199,507.0,333,0.6568047337278107,0,0.0,0,0.0,0,0.0,1210,-595.6989250493097,0,1
308,2005,1698,1,5.512987012987013,308.0,223,0.724025974025974,0,0.0,0,0.0,0,0.0,701,-330.35103896103897,0,1
448,3156,2709,1,6.046875,448.0,293,0.6540178571428571,0,0.0,0,0.0,0,0.0,1103,-523.5344196428571,0,1
405,2775,2371,1,5.854320987654321,405.0,259,0.6395061728395062,0,0.0,0,0.0,0,0.0,1017,-470.5827777777778,0,1
50,300,251,1,5.02,50.0,42,0.84,0,0.0,0,0.0,0,0.0,103,18.028999999999996,0,0
239,1512,1274,1,5.330543933054393,239.0,167,0.698744769874477,0,0.0,0,0.0,0,0.0,524,-235.6323640167364,0,1
167,1047,881,1,5.275449101796407,167.0,129,0.7724550898203593,0,0.0,0,0.0,0,0.0,367,-142.3410479041916,0,1
288,1985,1698,1,5.895833333333333,288.0,209,0.7256944444444444,0,0.0,0,0.0,0,0.0,727,-319.27576388888895,0,1
89,606,518,1,5.820224719101123,89.0,79,0.8876404494382022,0,0.0,0,0.0,0,0.0,215,-54.05039325842695,0,0
980,6724,5745,1,5.862244897959184,980.0,693,0.7071428571428572,0,0.0,0,0.0,0,0.0,2472,-1218.7641836734692,0,1
428,2884,2457,1,5.740654205607477,428.0,275,0.6425233644859814,0,0.0,0,0.0,0,0.0,1009,-491.24934579439247,0,1
83,581,499,1,6.0120481927710845,83.0,68,0.8192771084337349,0,0.0,0,0.0,0,0.0,203,-48.05656626506027,0,0
652,4364,3713,1,5.6947852760736195,652.0,460,0.7055214723926381,0,0.0,0,0.0,0,0.0,1561,-784.6547239263804,0,1
180,1151,972,1,5.4,180.0,135,0.75,0,0.0,0,0.0,0,0.0,415,-165.72888888888886,0,1
322,2454,2133,1,6.624223602484472,322.0,231,0.717391304347826,0,0.0,0,0.0,0,0.0,913,-382.1727639751553,0,1
283,1840,1558,1,5.5053003533568905,283.0,214,0.7561837455830389,0,0.0,0,0.0,0,0.0,658,-300.8028091872792,0,1
749,4690,3942,1,5.2630173564753004,749.0,415,0.5540720961281709,0,0.0,0,0.0,0,0.0,1678,-901.5082576769025,0,1
161,1262,1102,1,6.84472049689441,161.0,136,0.84472049689441,0,0.0,0,0.0,0,0.0,462,-174.9258695652174,0,1
546,3615,3070,1,5.622710622710622,546.0,372,0.6813186813186813,0,0.0,0,0.0,0,0.0,1298,-645.8400915750916,0,1
1174,7182,6009,1,5.1183986371379895,1174.0,664,0.565587734241908,0,0.0,0,0.0,0,0.0,2610,-1452.9774361158434,0,1
153,996,844,1,5.516339869281046,153.0,118,0.7712418300653595,0,0.0,0,0.0,0,0.0,377,-140.15454248366015,0,1
947,6189,5243,1,5.536430834213305,947.0,564,0.5955649419218585,0,0.0,0,0.0,0,0.0,2229,-1165.7252956705386,0,1
636,4350,3715,1,5.841194968553459,636.0,415,0.6525157232704403,0,0.0,0,0.0,0,0.0,1534,-764.923176100629,0,1
179,1261,1083,1,6.050279329608938,179.0,142,0.7932960893854749,0,0.0,0,0.0,0,0.0,455,-178.63315642458102,0,1
464,3209,2746,1,5.918103448275862,464.0,330,0.7112068965517241,0,0.0,0,0.0,0,0.0,1159,-546.4854741379311,0,1
856,5688,4833,1,5.646028037383178,856.0,444,0.5186915887850467,0,0.0,0,0.0,0,0.0,2010,-1047.0876635514019,0,1
94,627,534,1,5.680851063829787,94.0,78,0.8297872340425532,0,0.0,0,0.0,0,0.0,228,-61.1394680851064,0,0
143,1018,876,1,6.125874125874126,143.0,119,0.8321678321678322,0,0.0,0,0.0,0,0.0,357,-129.10486013986016,0,1
95,640,546,1,5.747368421052632,95.0,85,0.8947368421052632,0,0.0,0,0.0,0,0.0,228,-60.905,0,0
2338,14269,11932,1,5.103507271171942,2338.0,1139,0.4871685201026518,0,0.0,0,0.0,0,0.0,5115,-2964.0498160821217,0,1
285,2113,1829,1,6.417543859649123,285.0,226,0.7929824561403509,0,0.0,0,0.0,0,0.0,764,-324.7751754385965,0,1
846,5474,4629,1,5.471631205673759,846.0,474,0.5602836879432624,0,0.0,0,0.0,0,0.0,1944,-1031.0671276595745,0,1
296,2079,1784,1,6.027027027027027,296.0,223,0.7533783783783784,0,0.0,0,0.0,0,0.0,752,-330.6514864864865,0,1
995,6425,5431,1,5.458291457286432,995.0,656,0.6592964824120603,0,0.0,0,0.0,0,0.0,2305,-1225.891633165829,0,1
558,3836,3279,1,5.876344086021505,558.0,401,0.7186379928315412,0,0.0,0,0.0,0,0.0,1398,-669.1381182795699,0,1
720,4618,3899,1,5.415277777777778,720.0,475,0.6597222222222222,0,0.0,0,0.0,0,0.0,1632,-865.3916666666667,0,1
177,1261,1085,1,6.129943502824859,177.0,144,0.8135593220338984,0,0.0,0,0.0,0,0.0,458,-178.77799435028248,0,1
243,1679,1437,1,5.91358024691358,243.0,187,0.7695473251028807,0,0.0,0,0.0,0,0.0,612,-260.42796296296297,0,1
866,5595,4730,1,5.46189376443418,866.0,520,0.6004618937644342,0,0.0,0,0.0,0,0.0,1967,-1055.4738914549653,0,1
68,416,349,1,5.132352941176471,68.0,44,0.6470588235294118,0,0.0,0,0.0,0,0.0,155,-18.557647058823534,0,0
246,1859,1614,1,6.560975609756097,246.0,196,0.7967479674796748,0,0.0,0,0.0,0,0.0,648,-271.2771951219512,0,1
261,1719,1459,1,5.590038314176245,261.0,188,0.7203065134099617,0,0.0,0,0.0,0,0.0,605,-271.77726053639844,0,1
740,5345,4606,1,6.224324324324324,740.0,510,0.6891891891891891,0,0.0,0,0.0,0,0.0,2003,-917.841081081081,0,1
133,888,756,1,5.684210526315789,133.0,111,0.8345864661654135,0,0.0,0,0.0,0,0.0,327,-113.82966165413535,0,1
487,3546,3060,1,6.283367556468172,487.0,381,0.7823408624229979,0,0.0,0,0.0,0,0.0,1264,-582.253501026694,0,1
192,1365,1174,1,6.114583333333333,192.0,154,0.8020833333333334,0,0.0,0,0.0,0,0.0,506,-201.15354166666668,0,1
225,1803,1579,1,7.017777777777778,225.0,175,0.7777777777777778,0,0.0,0,0.0,0,0.0,644,-257.68455555555556,0,1
92,631,540,1,5.869565217391305,92.0,73,0.7934782608695652,0,0.0,0,0.0,0,0.0,220,-56.482391304347814,0,0
672,4370,3699,1,5.504464285714286,672.0,436,0.6488095238095238,0,0.0,0,0.0,0,0.0,1529,-803.5103869047618,0,1
105,742,638,1,6.076190476190476,105.0,95,0.9047619047619048,0,0.0,0,0.0,0,0.0,280,-89.93166666666664,0,1
140,870,731,1,5.2214285714285715,140.0,119,0.85,0,0.0,0,0.0,0,0.0,264,-88.49642857142857,0,1
332,2471,2140,1,6.445783132530121,332.0,248,0.7469879518072289,0,0.0,0,0.0,0,0.0,919,-391.12614457831324,0,1
729,4791,4063,1,5.573388203017832,729.0,520,0.7133058984910837,0,0.0,0,0.0,0,0.0,1728,-883.3242592592593,0,1
261,1859,1599,1,6.126436781609195,261.0,208,0.7969348659003831,0,0.0,0,0.0,0,0.0,679,-288.8171072796935,0,1
368,2955,2588,1,7.032608695652174,368.0,281,0.7635869565217391,0,0.0,0,0.0,0,0.0,1119,-454.31472826086963,0,1
1131,7326,6196,1,5.478337754199823,1131.0,689,0.6091954022988506,0,0.0,0,0.0,0,0.0,2633,-1403.3795004420865,0,1
383,2589,2207,1,5.762402088772846,383.0,268,0.6997389033942559,0,0.0,0,0.0,0,0.0,906,-433.2336684073108,0,1
145,1123,979,1,6.751724137931035,145.0,125,0.8620689655172413,0,0.0,0,0.0,0,0.0,425,-157.8201724137931,0,1
308,2146,1839,1,5.970779220779221,308.0,228,0.7402597402597403,0,0.0,0,0.0,0,0.0,775,-344.7906493506494,0,1
575,3704,3130,1,5.443478260869565,575.0,381,0.662608695652174,0,0.0,0,0.0,0,0.0,1328,-679.4698695652173,0,1
234,1542,1309,1,5.594017094017094,234.0,172,0.7350427350427351,0,0.0,0,0.0,0,0.0,543,-236.8278205128205,0,1
655,4320,3666,1,5.596946564885497,655.0,433,0.6610687022900763,0,0.0,0,0.0,0,0.0,1581,-789.7308015267175,0,1
369,2623,2255,1,6.111111111111111,369.0,271,0.7344173441734417,0,0.0,0,0.0,0,0.0,952,-427.91974254742547,0,1
799,4938,4140,1,5.1814768460575715,799.0,480,0.6007509386733417,0,0.0,0,0.0,0,0.0,1776,-965.4539862327911,0,1
452,3010,2559,1,5.661504424778761,452.0,322,0.7123893805309734,0,0.0,0,0.0,0,0.0,1063,-522.1063716814159,0,1
180,1250,1071,1,5.95,180.0,130,0.7222222222222222,0,0.0,0,0.0,0,0.0,414,-165.39499999999998,0,1
332,2108,1777,1,5.352409638554217,332.0,211,0.6355421686746988,0,0.0,0,0.0,0,0.0,735,-357.8177108433735,0,1
302,1941,1640,1,5.430463576158941,302.0,209,0.6920529801324503,0,0.0,0,0.0,0,0.0,706,-326.26367549668873,0,1
301,2048,1748,1,5.807308970099668,301.0,235,0.7807308970099668,0,0.0,0,0.0,0,0.0,750,-334.215830564784,0,1
914,6572,5659,1,6.191466083150985,914.0,633,0.6925601750547046,0,0.0,0,0.0,0,0.0,2398,-1139.045306345733,0,1
219,1424,1206,1,5.506849315068493,219.0,160,0.730593607305936,0,0.0,0,0.0,0,0.0,522,-221.11705479452056,0,1
121,766,646,1,5.338842975206612,121.0,102,0.8429752066115702,0,0.0,0,0.0,0,0.0,258,-78.61210743801652,0,1
251,1674,1424,1,5.673306772908367,251.0,180,0.7171314741035857,0,0.0,0,0.0,0,0.0,593,-261.4542430278884,0,1
609,3885,3277,1,5.380952380952381,609.0,420,0.6896551724137931,0,0.0,0,0.0,0,0.0,1380,-721.0521921182266,0,1
360,2725,2366,1,6.572222222222222,360.0,277,0.7694444444444445,0,0.0,0,0.0,0,0.0,973,-423.6019444444444,0,1
430,2690,2261,1,5.258139534883721,430.0,307,0.713953488372093,0,0.0,0,0.0,0,0.0,959,-486.201976744186,0,1
290,1912,1623,1,5.596551724137931,290.0,222,0.7655172413793103,0,0.0,0,0.0,0,0.0,676,-310.2601724137931,0,1
129,904,776,1,6.015503875968992,129.0,102,0.7906976744186046,0,0.0,0,0.0,0,0.0,326,-112.74562015503878,0,1
377,2630,2254,1,5.978779840848806,377.0,198,0.5251989389920424,0,0.0,0,0.0,0,0.0,902,-427.05863395225464,0,1
511,3615,3105,1,6.076320939334638,511.0,343,0.6712328767123288,0,0.0,0,0.0,0,0.0,1296,-609.8908317025441,0,1
641,3861,3221,1,5.024960998439938,641.0,384,0.5990639625585024,0,0.0,0,0.0,0,0.0,1382,-756.0409750390016,0,1
284,2037,1754,1,6.176056338028169,284.0,223,0.7852112676056338,0,0.0,0,0.0,0,0.0,735,-317.90549295774645,0,1
67,449,383,1,5.7164179104477615,67.0,61,0.9104477611940298,0,0.0,0,0.0,0,0.0,165,-28.272462686567152,0,0
167,1117,951,1,5.6946107784431135,167.0,137,0.8203592814371258,0,0.0,0,0.0,0,0.0,408,-157.09613772455089,0,1
780,5532,4753,1,6.093589743589743,780.0,574,0.735897435897436,0,0.0,0,0.0,0,0.0,2067,-966.43,0,1
474,3188,2715,1,5.727848101265823,474.0,280,0.5907172995780591,0,0.0,0,0.0,0,0.0,1159,-556.3183755274262,0,1
92,604,513,1,5.576086956521739,92.0,71,0.7717391304347826,0,0.0,0,0.0,0,0.0,199,-42.76391304347827,0,0
297,2146,1850,1,6.228956228956229,297.0,237,0.797979797979798,0,0.0,0,0.0,0,0.0,738,-328.60439393939396,0,1
193,1224,1032,1,5.347150259067358,193.0,142,0.7357512953367875,0,0.0,0,0.0,0,0.0,420,-174.85256476683938,0,1
164,1138,975,1,5.945121951219512,164.0,134,0.8170731707317073,0,0.0,0,0.0,0,0.0,394,-150.75158536585366,0,1
172,1063,892,1,5.186046511627907,172.0,130,0.7558139534883721,0,0.0,0,0.0,0,0.0,368,-145.35104651162789,0,1
381,2582,2202,1,5.7795275590551185,381.0,278,0.7296587926509186,0,0.0,0,0.0,0,0.0,943,-437.2164435695538,0,1
157,1060,904,1,5.75796178343949,157.0,130,0.8280254777070064,0,0.0,0,0.0,0,0.0,380,-142.72996815286623,0,1
70,429,360,1,5.142857142857143,70.0,64,0.9142857142857143,0,0.0,0,0.0,0,0.0,153,-15.526428571428568,0,0
203,1278,1076,1,5.300492610837439,203.0,152,0.7487684729064039,0,0.0,0,0.0,0,0.0,456,-192.06795566502464,0,1
257,1762,1506,1,5.8599221789883265,257.0,207,0.8054474708171206,0,0.0,0,0.0,0,0.0,656,-280.6720038910506,0,1
1302,8434,7133,1,5.478494623655914,1302.0,804,0.6175115207373272,0,0.0,0,0.0,0,0.0,2959,-1622.3517127496161,0,1
69,491,423,1,6.130434782608695,69.0,55,0.7971014492753623,0,0.0,0,0.0,0,0.0,181,-40.51862318840581,0,0
512,3686,3175,1,6.201171875,512.0,370,0.72265625,0,0.0,0,0.0,0,0.0,1342,-616.292734375,0,1
99,614,516,1,5.212121212121212,99.0,80,0.8080808080808081,0,0.0,0,0.0,0,0.0,211,-49.95691919191921,0,0
296,2205,1910,1,6.452702702702703,296.0,239,0.8074324324324325,0,0.0,0,0.0,0,0.0,817,-343.84912162162163,0,1
217,1476,1260,1,5.806451612903226,217.0,160,0.7373271889400922,0,0.0,0,0.0,0,0.0,530,-222.05301843317974,0,1
630,4475,3846,1,6.104761904761904,630.0,465,0.7380952380952381,0,0.0,0,0.0,0,0.0,1615,-766.2308730158729,0,1
1468,9017,7550,1,5.143051771117166,1468.0,778,0.5299727520435967,0,0.0,0,0.0,0,0.0,3205,-1832.7778746594006,0,1
546,3883,3338,1,6.113553113553113,546.0,307,0.5622710622710623,0,0.0,0,0.0,0,0.0,1385,-655.4164652014653,0,1
320,2305,1986,1,6.20625,320.0,253,0.790625,0,0.0,0,0.0,0,0.0,798,-359.03937499999995,0,1
435,3076,2642,1,6.073563218390805,435.0,328,0.7540229885057471,0,0.0,0,0.0,0,0.0,1135,-515.4776436781609,0,1
597,4052,3456,1,5.788944723618091,597.0,385,0.644891122278057,0,0.0,0,0.0,0,0.0,1449,-715.1358542713567,0,1
1238,8934,7697,1,6.217285945072698,1238.0,847,0.684168012924071,0,0.0,0,0.0,0,0.0,3163,-1556.1161308562198,0,1
401,2818,2418,1,6.029925187032419,401.0,228,0.5685785536159601,0,0.0,0,0.0,0,0.0,1022,-467.63756857855367,0,1
2180,14291,12112,1,5.555963302752294,2180.0,1156,0.5302752293577981,0,0.0,0,0.0,0,0.0,5206,-2770.688211009174,0,1
263,1696,1434,1,5.452471482889734,263.0,196,0.7452471482889734,0,0.0,0,0.0,0,0.0,597,-271.4897148288974,0,1
280,1793,1514,1,5.4071428571428575,280.0,180,0.6428571428571429,0,0.0,0,0.0,0,0.0,621,-290.4582142857143,0,1
215,1526,1312,1,6.102325581395349,215.0,175,0.813953488372093,0,0.0,0,0.0,0,0.0,553,-227.24779069767442,0,1
400,3225,2826,1,7.065,400.0,288,0.72,0,0.0,0,0.0,0,0.0,1172,-489.258,0,1
294,2199,1906,1,6.482993197278912,294.0,226,0.7687074829931972,0,0.0,0,0.0,0,0.0,821,-343.19527210884354,0,1
186,1283,1098,1,5.903225806451613,186.0,147,0.7903225806451613,0,0.0,0,0.0,0,0.0,466,-185.5381182795699,0,1
145,1014,870,1,6.0,145.0,113,0.7793103448275862,0,0.0,0,0.0,0,0.0,359,-130.46431034482757,0,1
379,2779,2401,1,6.33509234828496,379.0,291,0.7678100263852242,0,0.0,0,0.0,0,0.0,1048,-452.0518073878628,0,1
781,4955,4175,1,5.345710627400768,781.0,461,0.5902688860435339,0,0.0,0,0.0,0,0.0,1763,-944.1324775928297,0,1
177,1094,918,1,5.186440677966102,177.0,133,0.751412429378531,0,0.0,0,0.0,0,0.0,393,-156.70737288135592,0,1
260,1677,1418,1,5.453846153846154,260.0,178,0.6846153846153846,0,0.0,0,0.0,0,0.0,590,-267.5457692307692,0,1
508,3483,2976,1,5.858267716535433,508.0,393,0.7736220472440944,0,0.0,0,0.0,0,0.0,1241,-600.3840944881889,0,1
1077,6842,5766,1,5.353760445682451,1077.0,653,0.606313834726091,0,0.0,0,0.0,0,0.0,2414,-1327.9738207985145,0,1
448,2861,2414,1,5.388392857142857,448.0,301,0.671875,0,0.0,0,0.0,0,0.0,1009,-510.92415178571423,0,1
1119,7863,6745,1,6.027703306523682,1119.0,630,0.5630026809651475,0,0.0,0,0.0,0,0.0,2859,-1401.4180831099195,0,1
69,477,409,1,5.927536231884058,69.0,61,0.8840579710144928,0,0.0,0,0.0,0,0.0,175,-35.29253623188406,0,0
2315,14265,11951,1,5.162419006479482,2315.0,1162,0.5019438444924406,0,0.0,0,0.0,0,0.0,5049,-2933.7427105831534,0,1
342,2452,2111,1,6.1725146198830405,342.0,265,0.7748538011695907,0,0.0,0,0.0,0,0.0,907,-397.15301169590646,0,1
203,1279,1077,1,5.305418719211823,203.0,155,0.7635467980295566,0,0.0,0,0.0,0,0.0,467,-195.32460591133008,0,1
194,1439,1246,1,6.422680412371134,194.0,157,0.8092783505154639,0,0.0,0,0.0,0,0.0,497,-199.33252577319587,0,1
364,2308,1945,1,5.343406593406593,364.0,241,0.6620879120879121,0,0.0,0,0.0,0,0.0,823,-402.25043956043953,0,1
744,5221,4478,1,6.018817204301075,744.0,563,0.7567204301075269,0,0.0,0,0.0,0,0.0,1851,-909.8879838709678,0,1
202,1397,1196,1,5.920792079207921,202.0,149,0.7376237623762376,0,0.0,0,0.0,0,0.0,515,-208.9902475247525,0,1
167,1073,907,1,5.431137724550898,167.0,123,0.7365269461077845,0,0.0,0,0.0,0,0.0,386,-149.17877245508978,0,1
417,2994,2578,1,6.182254196642686,417.0,269,0.645083932853717,0,0.0,0,0.0,0,0.0,1123,-497.11703836930457,0,1
196,1331,1136,1,5.795918367346939,196.0,149,0.7602040816326531,0,0.0,0,0.0,0,0.0,479,-194.84204081632652,0,1
322,2148,1827,1,5.673913043478261,322.0,234,0.7267080745341615,0,0.0,0,0.0,0,0.0,779,-357.16220496894414,0,1
643,4482,3840,1,5.9720062208398135,643.0,439,0.6827371695178849,0,0.0,0,0.0,0,0.0,1612,-779.7356065318818,0,1
302,1820,1519,1,5.029801324503311,302.0,206,0.6821192052980133,0,0.0,0,0.0,0,0.0,653,-315.7163245033113,0,1
610,4294,3685,1,6.040983606557377,610.0,397,0.6508196721311476,0,0.0,0,0.0,0,0.0,1490,-732.9666393442623,0,1
284,1975,1692,1,5.957746478873239,284.0,212,0.7464788732394366,0,0.0,0,0.0,0,0.0,706,-311.76852112676056,0,1
1507,9258,7752,1,5.143994691439947,1507.0,784,0.5202388852023888,0,0.0,0,0.0,0,0.0,3283,-1883.1928699402788,0,1
212,1589,1378,1,6.5,212.0,166,0.7830188679245284,0,0.0,0,0.0,0,0.0,581,-233.47301886792454,0,1
1020,7284,6265,1,6.142156862745098,1020.0,730,0.7156862745098039,0,0.0,0,0.0,0,0.0,2636,-1274.4822549019607,0,1
289,2059,1771,1,6.1280276816609,289.0,212,0.7335640138408305,0,0.0,0,0.0,0,0.0,708,-316.09960207612454,0,1
134,933,800,1,5.970149253731344,134.0,107,0.7985074626865671,0,0.0,0,0.0,0,0.0,351,-124.79111940298509,0,1
822,5677,4856,1,5.907542579075426,822.0,531,0.6459854014598541,0,0.0,0,0.0,0,0.0,2076,-1013.5504014598541,0,1
672,4794,4123,1,6.135416666666667,672.0,462,0.6875,0,0.0,0,0.0,0,0.0,1734,-821.8444642857143,0,1
279,1754,1476,1,5.290322580645161,279.0,190,0.6810035842293907,0,0.0,0,0.0,0,0.0,601,-285.3277240143369,0,1
103,644,542,1,5.262135922330097,103.0,82,0.7961165048543689,0,0.0,0,0.0,0,0.0,216,-53.09995145631068,0,1
444,3233,2790,1,6.283783783783784,444.0,349,0.786036036036036,0,0.0,0,0.0,0,0.0,1167,-528.3305405405406,0,1
188,1348,1161,1,6.175531914893617,188.0,147,0.7819148936170213,0,0.0,0,0.0,0,0.0,496,-196.12670212765957,0,1
689,4495,3807,1,5.5253991291727145,689.0,455,0.660377358490566,0,0.0,0,0.0,0,0.0,1594,-827.9062191582003,0,1
141,1065,925,1,6.560283687943262,141.0,125,0.8865248226950354,0,0.0,0,0.0,0,0.0,390,-142.6990425531915,0,1
555,3701,3147,1,5.6702702702702705,555.0,339,0.6108108108108108,0,0.0,0,0.0,0,0.0,1309,-656.4143693693693,0,1
240,1579,1340,1,5.583333333333333,240.0,179,0.7458333333333333,0,0.0,0,0.0,0,0.0,557,-244.6470833333333,0,1
675,4729,4055,1,6.007407407407407,675.0,430,0.6370370370370371,0,0.0,0,0.0,0,0.0,1698,-821.8498888888889,0,1
292,1984,1693,1,5.7979452054794525,292.0,227,0.7773972602739726,0,0.0,0,0.0,0,0.0,706,-318.07527397260276,0,1
199,1411,1213,1,6.0954773869346734,199.0,161,0.8090452261306532,0,0.0,0,0.0,0,0.0,504,-204.07806532663315,0,1
907,5582,4676,1,5.155457552370452,907.0,536,0.5909592061742006,0,0.0,0,0.0,0,0.0,1984,-1103.7296085997796,0,1
287,2228,1942,1,6.7665505226480835,287.0,207,0.7212543554006968,0,0.0,0,0.0,0,0.0,797,-333.16290940766555,0,1
318,1928,1611,1,5.066037735849057,318.0,210,0.660377358490566,0,0.0,0,0.0,0,0.0,690,-336.9706603773585,0,1
158,1131,974,1,6.1645569620253164,158.0,117,0.740506329113924,0,0.0,0,0.0,0,0.0,407,-153.3795569620253,0,1
283,2111,1829,1,6.4628975265017665,283.0,215,0.7597173144876325,0,0.0,0,0.0,0,0.0,801,-331.1713604240283,0,1
537,3553,3017,1,5.618249534450651,537.0,371,0.6908752327746741,0,0.0,0,0.0,0,0.0,1214,-627.1335288640596,0,1
680,4915,4236,1,6.229411764705882,680.0,523,0.7691176470588236,0,0.0,0,0.0,0,0.0,1652,-823.1726470588235,0,1
554,3386,2833,1,5.113718411552346,554.0,357,0.644404332129964,0,0.0,0,0.0,0,0.0,1214,-645.0642779783393,0,1
540,4000,3461,1,6.409259259259259,540.0,391,0.7240740740740741,0,0.0,0,0.0,0,0.0,1484,-660.3287037037037,0,1
1215,7760,6546,1,5.387654320987655,1215.0,692,0.5695473251028806,0,0.0,0,0.0,0,0.0,2814,-1511.8595679012346,0,1
90,556,467,1,5.188888888888889,90.0,72,0.8,0,0.0,0,0.0,0,0.0,199,-43.05277777777778,0,0
983,6669,5687,1,5.785350966429298,983.0,606,0.6164801627670397,0,0.0,0,0.0,0,0.0,2427,-1219.4502492370295,0,1
1115,7869,6755,1,6.058295964125561,1115.0,636,0.5704035874439461,0,0.0,0,0.0,0,0.0,2813,-1394.2894843049328,0,1
345,2323,1979,1,5.736231884057971,345.0,240,0.6956521739130435,0,0.0,0,0.0,0,0.0,835,-387.12442028985504,0,1
365,2270,1906,1,5.221917808219178,365.0,243,0.6657534246575343,0,0.0,0,0.0,0,0.0,818,-402.3548630136986,0,1
319,2492,2174,1,6.815047021943574,319.0,210,0.658307210031348,0,0.0,0,0.0,0,0.0,879,-373.46970219435735,0,1
498,3574,3077,1,6.178714859437751,498.0,329,0.6606425702811245,0,0.0,0,0.0,0,0.0,1308,-598.4180120481927,0,1
202,1562,1361,1,6.737623762376238,202.0,153,0.7574257425742574,0,0.0,0,0.0,0,0.0,562,-222.9739108910891,0,1
1243,8092,6850,1,5.510860820595334,1243.0,745,0.5993563958165729,0,0.0,0,0.0,0,0.0,2888,-1548.7020072405471,0,1
184,1151,968,1,5.260869565217392,184.0,145,0.7880434782608695,0,0.0,0,0.0,0,0.0,406,-164.97695652173914,0,1
189,1411,1223,1,6.470899470899471,189.0,168,0.8888888888888888,0,0.0,0,0.0,0,0.0,513,-201.99357142857144,0,1
412,2931,2520,1,6.116504854368932,412.0,311,0.7548543689320388,0,0.0,0,0.0,0,0.0,1067,-484.41233009708736,0,1
244,1573,1330,1,5.450819672131147,244.0,182,0.7459016393442623,0,0.0,0,0.0,0,0.0,536,-242.38795081967214,0,1
990,6903,5914,1,5.973737373737373,990.0,665,0.6717171717171717,0,0.0,0,0.0,0,0.0,2487,-1231.1434848484848,0,1
543,3503,2961,1,5.45303867403315,543.0,362,0.6666666666666666,0,0.0,0,0.0,0,0.0,1256,-638.0808379373848,0,1
90,590,501,1,5.566666666666666,90.0,76,0.8444444444444444,0,0.0,0,0.0,0,0.0,201,-44.38833333333332,0,0
374,2307,1934,1,5.171122994652406,374.0,234,0.6256684491978609,0,0.0,0,0.0,0,0.0,811,-409.68879679144385,0,1
155,1065,911,1,5.877419354838709,155.0,123,0.7935483870967742,0,0.0,0,0.0,0,0.0,392,-146.65983870967742,0,1
224,1565,1342,1,5.991071428571429,224.0,183,0.8169642857142857,0,0.0,0,0.0,0,0.0,566,-236.22482142857143,0,1
533,3703,3171,1,5.949343339587242,533.0,370,0.6941838649155723,0,0.0,0,0.0,0,0.0,1344,-637.6117166979361,0,1
447,3162,2716,1,6.076062639821029,447.0,302,0.6756152125279642,0,0.0,0,0.0,0,0.0,1133,-526.599004474273,0,1
201,1616,1416,1,7.044776119402985,201.0,141,0.7014925373134329,0,0.0,0,0.0,0,0.0,580,-227.8878855721393,0,1
775,5808,5034,1,6.495483870967742,775.0,561,0.7238709677419355,0,0.0,0,0.0,0,0.0,2057,-960.1820322580645,0,1
197,1334,1138,1,5.776649746192893,197.0,156,0.7918781725888325,0,0.0,0,0.0,0,0.0,478,-195.0913959390863,0,1
92,612,521,1,5.663043478260869,92.0,77,0.8369565217391305,0,0.0,0,0.0,0,0.0,214,-52.56282608695652,0,0
47,311,265,1,5.638297872340425,47.0,41,0.8723404255319149,0,0.0,0,0.0,0,0.0,111,3.796702127659586,0,0
2018,12736,10719,1,5.3116947472745295,2018.0,1077,0.5336967294350843,0,0.0,0,0.0,0,0.0,4528,-2551.4177254707633,0,1
776,5380,4605,1,5.934278350515464,776.0,534,0.6881443298969072,0,0.0,0,0.0,0,0.0,1923,-950.8983762886598,0,1
186,1328,1143,1,6.145161290322581,186.0,158,0.8494623655913979,0,0.0,0,0.0,0,0.0,480,-190.0617741935484,0,1
1094,6861,5768,1,5.272394881170018,1094.0,658,0.6014625228519196,0,0.0,0,0.0,0,0.0,2481,-1351.661252285192,0,1
649,4292,3644,1,5.614791987673343,649.0,426,0.6563944530046225,0,0.0,0,0.0,0,0.0,1535,-779.0121494607088,0,1
2305,14171,11867,1,5.148373101952278,2305.0,1128,0.4893709327548807,0,0.0,0,0.0,0,0.0,5042,-2921.1288611713667,0,1
2126,14344,12219,1,5.7474129821260584,2126.0,1287,0.6053621825023519,0,0.0,0,0.0,0,0.0,5175,-2703.2573330197556,0,1
2181,13414,11234,1,5.1508482347547,2181.0,1174,0.5382851902796882,0,0.0,0,0.0,0,0.0,4736,-2758.971006419074,0,1
455,3169,2715,1,5.967032967032967,455.0,301,0.6615384615384615,0,0.0,0,0.0,0,0.0,1084,-527.8482967032967,0,1
360,2447,2088,1,5.8,360.0,258,0.7166666666666667,0,0.0,0,0.0,0,0.0,859,-404.57027777777773,0,1
522,3385,2864,1,5.486590038314176,522.0,317,0.60727969348659,0,0.0,0,0.0,0,0.0,1209,-610.9621264367815,0,1
737,4774,4038,1,5.478968792401628,737.0,444,0.6024423337856174,0,0.0,0,0.0,0,0.0,1673,-887.692815468114,0,1
261,1824,1564,1,5.992337164750958,261.0,213,0.8160919540229885,0,0.0,0,0.0,0,0.0,650,-282.1393295019157,0,1
653,4630,3978,1,6.091883614088821,653.0,415,0.6355283307810107,0,0.0,0,0.0,0,0.0,1649,-793.8336064318529,0,1
330,2257,1928,1,5.842424242424243,330.0,233,0.706060606060606,0,0.0,0,0.0,0,0.0,795,-366.9513636363636,0,1
476,3098,2623,1,5.510504201680672,476.0,309,0.6491596638655462,0,0.0,0,0.0,0,0.0,1118,-553.1242436974791,0,1
360,2841,2482,1,6.894444444444445,360.0,290,0.8055555555555556,0,0.0,0,0.0,0,0.0,1048,-436.12277777777774,0,1
844,6030,5187,1,6.145734597156398,844.0,559,0.6623222748815166,0,0.0,0,0.0,0,0.0,2209,-1047.6646445497631,0,1
254,1937,1684,1,6.6299212598425195,254.0,193,0.7598425196850394,0,0.0,0,0.0,0,0.0,679,-284.0260236220472,0,1
352,2322,1971,1,5.599431818181818,352.0,181,0.5142045454545454,0,0.0,0,0.0,0,0.0,845,-395.03914772727273,0,1
588,4726,4139,1,7.039115646258503,588.0,441,0.75,0,0.0,0,0.0,0,0.0,1789,-740.4202721088435,0,1
1581,11202,9622,1,6.086021505376344,1581.0,861,0.5445920303605313,0,0.0,0,0.0,0,0.0,4056,-2002.6494402277042,0,1
1427,8793,7367,1,5.162578836720392,1427.0,818,0.5732305536089699,0,0.0,0,0.0,0,0.0,3129,-1780.0469901892081,0,1
152,1089,938,1,6.171052631578948,152.0,129,0.8486842105263158,0,0.0,0,0.0,0,0.0,397,-147.7367105263158,0,1
362,2459,2098,1,5.795580110497237,362.0,266,0.7348066298342542,0,0.0,0,0.0,0,0.0,883,-410.3625138121547,0,1
269,1798,1530,1,5.687732342007435,269.0,194,0.7211895910780669,0,0.0,0,0.0,0,0.0,652,-288.5348884758364,0,1
663,4567,3905,1,5.889894419306184,663.0,460,0.693815987933635,0,0.0,0,0.0,0,0.0,1621,-802.0063273001508,0,1
190,1365,1176,1,6.189473684210526,190.0,151,0.7947368421052632,0,0.0,0,0.0,0,0.0,504,-199.58815789473684,0,1
97,633,537,1,5.536082474226804,97.0,80,0.8247422680412371,0,0.0,0,0.0,0,0.0,221,-56.19386597938144,0,0
317,2235,1919,1,6.053627760252366,317.0,246,0.7760252365930599,0,0.0,0,0.0,0,0.0,804,-357.69528391167194,0,1
1653,9879,8227,1,4.977011494252873,1653.0,830,0.5021173623714459,0,0.0,0,0.0,0,0.0,3498,-2069.245762250454,0,1
708,4307,3600,1,5.084745762711864,708.0,440,0.6214689265536724,0,0.0,0,0.0,0,0.0,1538,-844.1212146892655,0,1
91,616,526,1,5.78021978021978,91.0,78,0.8571428571428571,0,0.0,0,0.0,0,0.0,227,-61.38478021978021,0,0
172,1109,938,1,5.453488372093023,172.0,127,0.7383720930232558,0,0.0,0,0.0,0,0.0,398,-155.8336046511628,0,1
358,2305,1948,1,5.441340782122905,358.0,243,0.6787709497206704,0,0.0,0,0.0,0,0.0,808,-394.20969273743026,0,1
150,1077,928,1,6.1866666666666665,150.0,114,0.76,0,0.0,0,0.0,0,0.0,377,-139.21633333333332,0,1
1148,7880,6733,1,5.864982578397212,1148.0,673,0.5862369337979094,0,0.0,0,0.0,0,0.0,2917,-1438.2755400696865,0,1
272,2235,1964,1,7.220588235294118,272.0,207,0.7610294117647058,0,0.0,0,0.0,0,0.0,807,-325.07639705882355,0,1
2049,13359,11311,1,5.520253782332845,2049.0,944,0.46071254270375794,0,0.0,0,0.0,0,0.0,4831,-2598.5649023914107,0,1
462,3131,2670,1,5.779220779220779,462.0,318,0.6883116883116883,0,0.0,0,0.0,0,0.0,1137,-541.6734415584416,0,1
1405,9058,7654,1,5.447686832740214,1405.0,829,0.5900355871886122,0,0.0,0,0.0,0,0.0,3233,-1757.9591637010676,0,1
447,3090,2644,1,5.914988814317673,447.0,332,0.7427293064876958,0,0.0,0,0.0,0,0.0,1117,-524.4477740492171,0,1
1254,8725,7472,1,5.9585326953748,1254.0,840,0.6698564593301436,0,0.0,0,0.0,0,0.0,3123,-1573.0398803827752,0,1
296,1849,1554,1,5.25,296.0,215,0.7263513513513513,0,0.0,0,0.0,0,0.0,662,-312.37783783783783,0,1
302,1963,1662,1,5.503311258278146,302.0,221,0.7317880794701986,0,0.0,0,0.0,0,0.0,694,-323.8755960264901,0,1
159,1186,1028,1,6.465408805031447,159.0,131,0.8238993710691824,0,0.0,0,0.0,0,0.0,422,-159.3756918238994,0,1
255,1963,1709,1,6.701960784313726,255.0,196,0.7686274509803922,0,0.0,0,0.0,0,0.0,754,-302.37245098039216,0,1
475,3280,2806,1,5.907368421052632,475.0,344,0.7242105263157895,0,0.0,0,0.0,0,0.0,1169,-558.5742631578947,0,1
714,5035,4322,1,6.053221288515406,714.0,457,0.6400560224089635,0,0.0,0,0.0,0,0.0,1893,-880.705756302521,0,1
192,1392,1201,1,6.255208333333333,192.0,142,0.7395833333333334,0,0.0,0,0.0,0,0.0,494,-197.3972916666667,0,1
379,2513,2135,1,5.633245382585752,379.0,260,0.6860158311345647,0,0.0,0,0.0,0,0.0,852,-420.97106860158317,0,1
795,5032,4238,1,5.330817610062893,795.0,327,0.41132075471698115,0,0.0,0,0.0,0,0.0,1815,-963.8744339622641,0,1
538,3641,3104,1,5.769516728624535,538.0,378,0.7026022304832714,0,0.0,0,0.0,0,0.0,1321,-640.1339591078066,0,1
100,678,579,1,5.79,100.0,86,0.86,0,0.0,0,0.0,0,0.0,251,-74.01599999999999,0,0
720,4348,3629,1,5.040277777777778,720.0,446,0.6194444444444445,0,0.0,0,0.0,0,0.0,1531,-856.9609722222222,0,1
132,830,699,1,5.295454545454546,132.0,98,0.7424242424242424,0,0.0,0,0.0,0,0.0,291,-97.25818181818181,0,1
347,2280,1934,1,5.573487031700288,347.0,251,0.723342939481268,0,0.0,0,0.0,0,0.0,807,-384.03646974063406,0,1
1016,6410,5395,1,5.31003937007874,1016.0,616,0.6062992125984252,0,0.0,0,0.0,0,0.0,2315,-1250.9054527559053,0,1
1551,9740,8190,1,5.28046421663443,1551.0,848,0.5467440361057382,0,0.0,0,0.0,0,0.0,3477,-1944.1959477756288,0,1
2215,14174,11960,1,5.399548532731377,2215.0,1098,0.49571106094808126,0,0.0,0,0.0,0,0.0,5005,-2808.4665801354404,0,1
173,1444,1272,1,7.3526011560693645,173.0,145,0.838150289017341,0,0.0,0,0.0,0,0.0,553,-210.17656069364162,0,1
1118,6972,5855,1,5.237030411449016,1118.0,643,0.575134168157424,0,0.0,0,0.0,0,0.0,2510,-1381.4943381037567,0,1
268,1988,1721,1,6.4216417910447765,268.0,218,0.8134328358208955,0,0.0,0,0.0,0,0.0,715,-301.9064179104478,0,1
456,2987,2532,1,5.552631578947368,456.0,308,0.6754385964912281,0,0.0,0,0.0,0,0.0,1073,-527.3845175438597,0,1
309,2230,1922,1,6.2200647249190935,309.0,244,0.7896440129449838,0,0.0,0,0.0,0,0.0,812,-352.79768608414236,0,1
252,1735,1484,1,5.888888888888889,252.0,202,0.8015873015873016,0,0.0,0,0.0,0,0.0,625,-269.82253968253974,0,1
973,7040,6068,1,6.236382322713258,973.0,613,0.6300102774922919,0,0.0,0,0.0,0,0.0,2594,-1218.290488180884,0,1
183,1158,976,1,5.333333333333333,183.0,141,0.7704918032786885,0,0.0,0,0.0,0,0.0,439,-175.23931693989073,0,1
165,1178,1014,1,6.1454545454545455,165.0,146,0.8848484848484849,0,0.0,0,0.0,0,0.0,421,-161.01106060606062,0,1
118,826,709,1,6.008474576271187,118.0,94,0.7966101694915254,0,0.0,0,0.0,0,0.0,301,-99.87093220338983,0,1
209,1356,1148,1,5.492822966507177,209.0,164,0.784688995215311,0,0.0,0,0.0,0,0.0,471,-200.30566985645933,0,1
458,3115,2658,1,5.8034934497816595,458.0,317,0.6921397379912664,0,0.0,0,0.0,0,0.0,1139,-538.0276637554584,0,1
36,252,217,1,6.027777777777778,36.0,30,0.8333333333333334,0,0.0,0,0.0,0,0.0,89,11.45444444444442,0,0
1077,7177,6101,1,5.6648096564531105,1077.0,599,0.5561745589600743,0,0.0,0,0.0,0,0.0,2574,-1336.9023259052926,0,1
590,3921,3332,1,5.647457627118644,590.0,314,0.5322033898305085,0,0.0,0,0.0,0,0.0,1403,-703.0807627118644,0,1
454,2901,2448,1,5.392070484581498,454.0,279,0.6145374449339207,0,0.0,0,0.0,0,0.0,1014,-517.5971585903084,0,1
917,6088,5172,1,5.6401308615049075,917.0,536,0.5845147219193021,0,0.0,0,0.0,0,0.0,2240,-1132.0741603053436,0,1
114,742,629,1,5.517543859649122,114.0,95,0.8333333333333334,0,0.0,0,0.0,0,0.0,236,-65.78254385964915,0,1
1323,8540,7218,1,5.45578231292517,1323.0,775,0.5857898715041572,0,0.0,0,0.0,0,0.0,3017,-1650.1184391534393,0,1
254,1715,1462,1,5.755905511811024,254.0,193,0.7598425196850394,0,0.0,0,0.0,0,0.0,613,-268.4094881889764,0,1
564,4004,3441,1,6.101063829787234,564.0,377,0.6684397163120568,0,0.0,0,0.0,0,0.0,1438,-679.5986879432625,0,1
574,4062,3489,1,6.078397212543554,574.0,424,0.7386759581881533,0,0.0,0,0.0,0,0.0,1490,-695.3737108013937,0,1
540,3364,2825,1,5.231481481481482,540.0,362,0.6703703703703704,0,0.0,0,0.0,0,0.0,1206,-629.3883333333333,0,1
272,1959,1688,1,6.205882352941177,272.0,220,0.8088235294117647,0,0.0,0,0.0,0,0.0,720,-305.85323529411767,0,1
736,4750,4015,1,5.455163043478261,736.0,482,0.654891304347826,0,0.0,0,0.0,0,0.0,1722,-890.5794021739131,0,1
284,1952,1669,1,5.876760563380282,284.0,206,0.7253521126760564,0,0.0,0,0.0,0,0.0,692,-308.8058450704225,0,1
305,1959,1655,1,5.426229508196721,305.0,203,0.6655737704918033,0,0.0,0,0.0,0,0.0,696,-326.81122950819673,0,1
803,5340,4538,1,5.651307596513076,803.0,527,0.6562889165628891,0,0.0,0,0.0,0,0.0,1935,-981.8887858032379,0,1
318,2155,1838,1,5.779874213836478,318.0,240,0.7547169811320755,0,0.0,0,0.0,0,0.0,739,-346.2313522012579,0,1
53,332,280,1,5.283018867924528,53.0,43,0.8113207547169812,0,0.0,0,0.0,0,0.0,121,0.7255660377358311,0,0
186,1215,1030,1,5.537634408602151,186.0,143,0.7688172043010753,0,0.0,0,0.0,0,0.0,434,-175.19833333333335,0,1
137,900,764,1,5.576642335766423,137.0,108,0.7883211678832117,0,0.0,0,0.0,0,0.0,329,-115.59273722627736,0,1
617,4435,3819,1,6.189627228525121,617.0,480,0.7779578606158833,0,0.0,0,0.0,0,0.0,1564,-747.6092463533225,0,1
547,4103,3557,1,6.502742230347349,547.0,393,0.7184643510054844,0,0.0,0,0.0,0,0.0,1497,-668.7434277879343,0,1
389,2600,2212,1,5.686375321336761,389.0,295,0.7583547557840618,0,0.0,0,0.0,0,0.0,919,-440.84931876606686,0,1
1104,7358,6255,1,5.665760869565218,1104.0,667,0.6041666666666666,0,0.0,0,0.0,0,0.0,2675,-1373.9877355072463,0,1
647,4256,3610,1,5.579598145285935,647.0,423,0.6537867078825348,0,0.0,0,0.0,0,0.0,1538,-777.1302241112828,0,1
153,1047,895,1,5.849673202614379,153.0,130,0.8496732026143791,0,0.0,0,0.0,0,0.0,345,-127.58460784313726,0,1
277,1934,1658,1,5.985559566787003,277.0,219,0.7906137184115524,0,0.0,0,0.0,0,0.0,694,-303.84045126353794,0,1
816,5313,4498,1,5.512254901960785,816.0,455,0.5575980392156863,0,0.0,0,0.0,0,0.0,1965,-998.6911029411764,0,1
680,4568,3889,1,5.719117647058823,680.0,440,0.6470588235294118,0,0.0,0,0.0,0,0.0,1618,-820.1676470588235,0,1
169,1210,1042,1,6.165680473372781,169.0,142,0.8402366863905325,0,0.0,0,0.0,0,0.0,439,-168.98275147928996,0,1
992,6401,5410,1,5.453629032258065,992.0,564,0.5685483870967742,0,0.0,0,0.0,0,0.0,2308,-1222.5944354838712,0,1
229,1767,1539,1,6.720524017467249,229.0,166,0.7248908296943232,0,0.0,0,0.0,0,0.0,621,-253.84360262008732,0,1
398,3050,2653,1,6.665829145728643,398.0,278,0.6984924623115578,0,0.0,0,0.0,0,0.0,1114,-478.7845979899497,0,1
353,2420,2068,1,5.858356940509915,353.0,196,0.5552407932011332,0,0.0,0,0.0,0,0.0,798,-387.9284560906516,0,1
1013,7321,6309,1,6.228035538005923,1013.0,633,0.6248766041461007,0,0.0,0,0.0,0,0.0,2665,-1268.1760562685095,0,1
106,722,617,1,5.820754716981132,106.0,94,0.8867924528301887,0,0.0,0,0.0,0,0.0,255,-75.54518867924529,0,1
564,3822,3259,1,5.778368794326241,564.0,381,0.675531914893617,0,0.0,0,0.0,0,0.0,1394,-674.910035460993,0,1
563,3885,3323,1,5.902309058614565,563.0,377,0.6696269982238011,0,0.0,0,0.0,0,0.0,1383,-672.6996358792185,0,1
608,3918,3311,1,5.4457236842105265,608.0,404,0.6644736842105263,0,0.0,0,0.0,0,0.0,1403,-722.2497039473683,0,1
171,1187,1017,1,5.947368421052632,171.0,133,0.7777777777777778,0,0.0,0,0.0,0,0.0,425,-164.83634502923977,0,1
578,4126,3549,1,6.140138408304498,578.0,372,0.643598615916955,0,0.0,0,0.0,0,0.0,1506,-701.1577335640138,0,1
102,652,551,1,5.401960784313726,102.0,80,0.7843137254901961,0,0.0,0,0.0,0,0.0,226,-58.927745098039225,0,1
1315,8791,7477,1,5.685931558935361,1315.0,838,0.6372623574144487,0,0.0,0,0.0,0,0.0,3195,-1648.687433460076,0,1
337,2487,2151,1,6.382789317507418,337.0,251,0.744807121661721,0,0.0,0,0.0,0,0.0,889,-389.8077299703265,0,1
350,2214,1865,1,5.328571428571428,350.0,232,0.6628571428571428,0,0.0,0,0.0,0,0.0,758,-378.3244285714286,0,1
553,3890,3338,1,6.036166365280289,553.0,347,0.6274864376130199,0,0.0,0,0.0,0,0.0,1409,-665.1950180831826,0,1
842,5864,5023,1,5.965558194774347,842.0,518,0.6152019002375297,0,0.0,0,0.0,0,0.0,2150,-1041.2269952494062,0,1
838,5665,4828,1,5.761336515513126,838.0,555,0.662291169451074,0,0.0,0,0.0,0,0.0,2031,-1028.2250238663485,0,1
131,832,702,1,5.358778625954199,131.0,103,0.7862595419847328,0,0.0,0,0.0,0,0.0,266,-85.5001145038168,0,1
106,712,607,1,5.726415094339623,106.0,91,0.8584905660377359,0,0.0,0,0.0,0,0.0,244,-69.30839622641508,0,1
248,1734,1487,1,5.995967741935484,248.0,184,0.7419354838709677,0,0.0,0,0.0,0,0.0,630,-268.2383870967742,0,1
238,1465,1228,1,5.159663865546219,238.0,178,0.7478991596638656,0,0.0,0,0.0,0,0.0,525,-235.13852941176475,0,1
1726,10362,8637,1,5.004055619930475,1726.0,876,0.507531865585168,0,0.0,0,0.0,0,0.0,3701,-2165.8352780996524,0,1
170,1095,926,1,5.447058823529412,170.0,128,0.7529411764705882,0,0.0,0,0.0,0,0.0,391,-152.39499999999998,0,1
1150,7386,6237,1,5.423478260869565,1150.0,729,0.6339130434782608,0,0.0,0,0.0,0,0.0,2605,-1424.3045652173912,0,1
258,1752,1495,1,5.794573643410852,258.0,161,0.624031007751938,0,0.0,0,0.0,0,0.0,634,-276.25259689922484,0,1
188,1357,1170,1,6.223404255319149,188.0,159,0.8457446808510638,0,0.0,0,0.0,0,0.0,484,-192.29053191489362,0,1
1415,8986,7572,1,5.351236749116608,1415.0,781,0.5519434628975265,0,0.0,0,0.0,0,0.0,3276,-1771.8081802120141,0,1
309,2129,1821,1,5.893203883495145,309.0,235,0.7605177993527508,0,0.0,0,0.0,0,0.0,757,-342.10027508090616,0,1
290,1993,1704,1,5.875862068965517,290.0,213,0.7344827586206897,0,0.0,0,0.0,0,0.0,681,-311.29637931034483,0,1
309,2076,1768,1,5.7216828478964405,309.0,210,0.6796116504854369,0,0.0,0,0.0,0,0.0,745,-339.76629449838185,0,1
586,3977,3392,1,5.78839590443686,586.0,428,0.7303754266211604,0,0.0,0,0.0,0,0.0,1427,-701.3177303754267,0,1
1104,7743,6640,1,6.0144927536231885,1104.0,689,0.6240942028985508,0,0.0,0,0.0,0,0.0,2777,-1379.5404528985507,0,1
404,2399,1996,1,4.9405940594059405,404.0,256,0.6336633663366337,0,0.0,0,0.0,0,0.0,856,-445.70559405940594,0,1
